{
  "name": "oracle_v6",
  "results": {
    "prefix_heavy": {
      "qwen_7b": {
        "e2e_ms": 56.956053999999995,
        "p95_ms": 140.59949999999998
      },
      "qwen_14b": {
        "e2e_ms": 134.37083533333333,
        "p95_ms": 333.41454999999985
      }
    },
    "glia_40qps": {
      "qwen_7b": {
        "e2e_ms": 5319.8186825,
        "p95_ms": 19459.448899999992
      },
      "qwen_14b": {
        "e2e_ms": 12146.0632255,
        "p95_ms": 36233.94254999988
      }
    }
  },
  "score": -7.817257645788622,
  "elapsed_s": 5.906407117843628
}