{
  "name": "oracle_v3",
  "results": {
    "prefix_heavy": {
      "qwen_7b": {
        "e2e_ms": 59.113662000000005,
        "p95_ms": 224.11067499999993
      },
      "qwen_14b": {
        "e2e_ms": 164.49336633333334,
        "p95_ms": 713.6347499999995
      }
    },
    "glia_40qps": {
      "qwen_7b": {
        "e2e_ms": 4298.255343,
        "p95_ms": 16971.236849999998
      },
      "qwen_14b": {
        "e2e_ms": 9038.77836,
        "p95_ms": 32915.737749999964
      }
    }
  },
  "score": -37.612506219419245,
  "elapsed_s": 5.973174095153809
}