{
  "name": "oracle_v9",
  "results": {
    "prefix_heavy": {
      "qwen_7b": {
        "e2e_ms": 56.956053999999995,
        "p95_ms": 140.59949999999998
      },
      "qwen_14b": {
        "e2e_ms": 128.56111433333334,
        "p95_ms": 323.3077999999999
      }
    },
    "glia_40qps": {
      "qwen_7b": {
        "e2e_ms": 4301.023877,
        "p95_ms": 17009.015349999994
      },
      "qwen_14b": {
        "e2e_ms": 9021.0571175,
        "p95_ms": 32914.74787499996
      }
    }
  },
  "score": 1.1662663357877912,
  "elapsed_s": 6.113836050033569
}