{
  "name": "oracle_v5",
  "results": {
    "prefix_heavy": {
      "qwen_7b": {
        "e2e_ms": 56.956053999999995,
        "p95_ms": 140.59949999999998
      },
      "qwen_14b": {
        "e2e_ms": 134.37083533333333,
        "p95_ms": 333.41454999999985
      }
    },
    "glia_40qps": {
      "qwen_7b": {
        "e2e_ms": 4302.533666,
        "p95_ms": 16841.372799999994
      },
      "qwen_14b": {
        "e2e_ms": 9030.95714,
        "p95_ms": 33011.73829999998
      }
    }
  },
  "score": 0.006530909633345461,
  "elapsed_s": 5.872765302658081
}