{
  "name": "oracle_v4",
  "results": {
    "prefix_heavy": {
      "qwen_7b": {
        "e2e_ms": 56.956053999999995,
        "p95_ms": 140.59949999999998
      },
      "qwen_14b": {
        "e2e_ms": 128.56111433333334,
        "p95_ms": 323.3077999999999
      }
    },
    "glia_40qps": {
      "qwen_7b": {
        "e2e_ms": 4302.533666,
        "p95_ms": 16841.372799999994
      },
      "qwen_14b": {
        "e2e_ms": 9030.95714,
        "p95_ms": 33011.73829999998
      }
    }
  },
  "score": 1.2127432839745156,
  "elapsed_s": 6.018710136413574
}