{
  "name": "oracle_v7",
  "results": {
    "prefix_heavy": {
      "qwen_7b": {
        "e2e_ms": 56.969571333333334,
        "p95_ms": 209.64172499999995
      },
      "qwen_14b": {
        "e2e_ms": 155.57450766666668,
        "p95_ms": 642.6194749999997
      }
    },
    "glia_40qps": {
      "qwen_7b": {
        "e2e_ms": 4302.533666,
        "p95_ms": 16841.372799999994
      },
      "qwen_14b": {
        "e2e_ms": 9031.056762,
        "p95_ms": 32972.89992499998
      }
    }
  },
  "score": -30.236046430176117,
  "elapsed_s": 5.9477293491363525
}