{
  "name": "oracle_v2",
  "results": {
    "prefix_heavy": {
      "qwen_7b": {
        "e2e_ms": 50.78899866666667,
        "p95_ms": 148.94387499999993
      },
      "qwen_14b": {
        "e2e_ms": 133.64861633333334,
        "p95_ms": 487.9876999999997
      }
    },
    "glia_40qps": {
      "qwen_7b": {
        "e2e_ms": 4301.507412,
        "p95_ms": 16741.574399999987
      },
      "qwen_14b": {
        "e2e_ms": 9021.0571175,
        "p95_ms": 32914.74787499996
      }
    }
  },
  "score": -11.65494244626682,
  "elapsed_s": 6.101739168167114
}