{
  "name": "oracle_v1",
  "results": {
    "prefix_heavy": {
      "qwen_7b": {
        "e2e_ms": 50.85892966666667,
        "p95_ms": 146.54584999999992
      },
      "qwen_14b": {
        "e2e_ms": 120.00880066666667,
        "p95_ms": 335.0772499999998
      }
    },
    "glia_40qps": {
      "qwen_7b": {
        "e2e_ms": 4314.379940999999,
        "p95_ms": 17241.308399999998
      },
      "qwen_14b": {
        "e2e_ms": 9054.555143,
        "p95_ms": 33122.76374999997
      }
    }
  },
  "score": 0.5516949270847171,
  "elapsed_s": 6.3050360679626465
}