{
  "name": "oracle_v8",
  "results": {
    "prefix_heavy": {
      "qwen_7b": {
        "e2e_ms": 50.47369833333333,
        "p95_ms": 157.38772499999993
      },
      "qwen_14b": {
        "e2e_ms": 121.880172,
        "p95_ms": 366.280525
      }
    },
    "glia_40qps": {
      "qwen_7b": {
        "e2e_ms": 4300.2678825,
        "p95_ms": 16805.79934999999
      },
      "qwen_14b": {
        "e2e_ms": 9019.3283705,
        "p95_ms": 32858.56972499997
      }
    }
  },
  "score": -2.1596358651797765,
  "elapsed_s": 5.8815531730651855
}