{
  "final": {
    "llq": {
      "qwen_7b": {
        "e2e_ms": 1300.2685163333335,
        "p95_ms": 3241.0279499999997
      },
      "qwen_14b": {
        "e2e_ms": 3534.5217586666663,
        "p95_ms": 7082.2526
      }
    },
    "lor": {
      "qwen_7b": {
        "e2e_ms": 861.4419346666666,
        "p95_ms": 2238.7541249999995
      },
      "qwen_14b": {
        "e2e_ms": 2110.930606666667,
        "p95_ms": 5285.649999999999
      }
    },
    "glia": {
      "qwen_7b": {
        "e2e_ms": 880.3760636666667,
        "p95_ms": 2238.7541249999995
      },
      "qwen_14b": {
        "e2e_ms": 2222.7794103333335,
        "p95_ms": 5279.757274999998
      }
    },
    "1_1": {
      "qwen_7b": {
        "e2e_ms": 790.235141,
        "p95_ms": 1908.5373749999994
      },
      "qwen_14b": {
        "e2e_ms": 1665.628902,
        "p95_ms": 3868.230924999999
      }
    },
    "3_2_2": {
      "qwen_7b": {
        "e2e_ms": 818.058492,
        "p95_ms": 1944.2392249999991
      },
      "qwen_14b": {
        "e2e_ms": 1710.37523,
        "p95_ms": 4028.232124999999
      }
    },
    "oracle_v4": {
      "qwen_7b": {
        "e2e_ms": 773.471738,
        "p95_ms": 1869.319349999999
      },
      "qwen_14b": {
        "e2e_ms": 1645.925657,
        "p95_ms": 3845.8812749999993
      }
    },
    "oracle_v1": {
      "qwen_7b": {
        "e2e_ms": 724.6896233333334,
        "p95_ms": 1573.4516249999997
      },
      "qwen_14b": {
        "e2e_ms": 1558.3668333333335,
        "p95_ms": 3414.693199999999
      }
    },
    "oracle_v10": {
      "qwen_7b": {
        "e2e_ms": 824.6719083333332,
        "p95_ms": 2048.2796749999998
      },
      "qwen_14b": {
        "e2e_ms": 2020.9117203333335,
        "p95_ms": 5113.39415
      }
    },
    "oracle_v11": {
      "qwen_7b": {
        "e2e_ms": 711.199349,
        "p95_ms": 1478.827475
      },
      "qwen_14b": {
        "e2e_ms": 1523.0667926666665,
        "p95_ms": 3221.1030499999997
      }
    },
    "oracle_v12": {
      "qwen_7b": {
        "e2e_ms": 709.6125766666667,
        "p95_ms": 1485.8259999999996
      },
      "qwen_14b": {
        "e2e_ms": 1553.6728523333331,
        "p95_ms": 3407.476299999999
      }
    },
    "oracle_v13": {
      "qwen_7b": {
        "e2e_ms": 728.501732,
        "p95_ms": 1551.7021
      },
      "qwen_14b": {
        "e2e_ms": 1544.6170416666664,
        "p95_ms": 3486.6500499999984
      }
    },
    "oracle_v14": {
      "qwen_7b": {
        "e2e_ms": 706.2645703333333,
        "p95_ms": 1451.1675749999997
      },
      "qwen_14b": {
        "e2e_ms": 1533.9823986666665,
        "p95_ms": 3247.6365249999994
      }
    }
  }
}