{
  "llq": {
    "glia_prefix_heavy": {
      "qwen_7b": {
        "e2e_ms": 1300.2685163333335,
        "p95_ms": 3241.0279499999997,
        "n_runs": 2
      },
      "qwen_14b": {
        "e2e_ms": 3534.5217586666663,
        "p95_ms": 7082.2526,
        "n_runs": 2
      }
    },
    "glia_25qps": {
      "qwen_7b": {
        "e2e_ms": 5528.343954,
        "p95_ms": 22868.313724999985,
        "n_runs": 2
      },
      "qwen_14b": {
        "e2e_ms": 13545.930116,
        "p95_ms": 43479.34322499996,
        "n_runs": 2
      }
    },
    "glia_40qps": {
      "qwen_7b": {
        "e2e_ms": 6357.433781,
        "p95_ms": 24241.812899999997,
        "n_runs": 2
      },
      "qwen_14b": {
        "e2e_ms": 16031.582500999999,
        "p95_ms": 43866.21822499999,
        "n_runs": 2
      }
    }
  },
  "lor": {
    "glia_prefix_heavy": {
      "qwen_7b": {
        "e2e_ms": 861.4419346666666,
        "p95_ms": 2238.7541249999995,
        "n_runs": 2
      },
      "qwen_14b": {
        "e2e_ms": 2110.930606666667,
        "p95_ms": 5285.649999999999,
        "n_runs": 2
      }
    },
    "glia_25qps": {
      "qwen_7b": {
        "e2e_ms": 4067.354864,
        "p95_ms": 16675.257299999997,
        "n_runs": 2
      },
      "qwen_14b": {
        "e2e_ms": 8263.7392925,
        "p95_ms": 31952.94637499998,
        "n_runs": 2
      }
    },
    "glia_40qps": {
      "qwen_7b": {
        "e2e_ms": 4304.9286725,
        "p95_ms": 16868.050949999993,
        "n_runs": 2
      },
      "qwen_14b": {
        "e2e_ms": 9021.347561,
        "p95_ms": 32971.023699999976,
        "n_runs": 2
      }
    }
  },
  "glia": {
    "glia_prefix_heavy": {
      "qwen_7b": {
        "e2e_ms": 880.3760636666667,
        "p95_ms": 2238.7541249999995,
        "n_runs": 2
      },
      "qwen_14b": {
        "e2e_ms": 2222.7794103333335,
        "p95_ms": 5279.757274999998,
        "n_runs": 2
      }
    },
    "glia_25qps": {
      "qwen_7b": {
        "e2e_ms": 4150.0589525,
        "p95_ms": 16547.727025,
        "n_runs": 2
      },
      "qwen_14b": {
        "e2e_ms": 9105.1856195,
        "p95_ms": 31994.88059999999,
        "n_runs": 2
      }
    },
    "glia_40qps": {
      "qwen_7b": {
        "e2e_ms": 4457.4140305,
        "p95_ms": 17537.035424999995,
        "n_runs": 2
      },
      "qwen_14b": {
        "e2e_ms": 9764.91233,
        "p95_ms": 34072.89159999999,
        "n_runs": 2
      }
    }
  },
  "1_1": {
    "glia_prefix_heavy": {
      "qwen_7b": {
        "e2e_ms": 790.235141,
        "p95_ms": 1908.5373749999994,
        "n_runs": 2
      },
      "qwen_14b": {
        "e2e_ms": 1665.628902,
        "p95_ms": 3868.230924999999,
        "n_runs": 2
      }
    },
    "glia_25qps": {
      "qwen_7b": {
        "e2e_ms": 4075.5014555,
        "p95_ms": 16399.504299999982,
        "n_runs": 2
      },
      "qwen_14b": {
        "e2e_ms": 8283.8186525,
        "p95_ms": 31970.979724999994,
        "n_runs": 2
      }
    },
    "glia_40qps": {
      "qwen_7b": {
        "e2e_ms": 4314.379940999999,
        "p95_ms": 17241.308399999998,
        "n_runs": 2
      },
      "qwen_14b": {
        "e2e_ms": 9054.555143,
        "p95_ms": 33122.76374999997,
        "n_runs": 2
      }
    }
  },
  "3_2_2": {
    "glia_prefix_heavy": {
      "qwen_7b": {
        "e2e_ms": 818.058492,
        "p95_ms": 1944.2392249999991,
        "n_runs": 2
      },
      "qwen_14b": {
        "e2e_ms": 1710.37523,
        "p95_ms": 4028.232124999999,
        "n_runs": 2
      }
    },
    "glia_25qps": {
      "qwen_7b": {
        "e2e_ms": 4073.459122,
        "p95_ms": 16279.934949999992,
        "n_runs": 2
      },
      "qwen_14b": {
        "e2e_ms": 8305.515168500002,
        "p95_ms": 32141.087549999975,
        "n_runs": 2
      }
    },
    "glia_40qps": {
      "qwen_7b": {
        "e2e_ms": 4311.0467014999995,
        "p95_ms": 16627.455449999983,
        "n_runs": 2
      },
      "qwen_14b": {
        "e2e_ms": 9078.391975999999,
        "p95_ms": 32906.28672499999,
        "n_runs": 2
      }
    }
  },
  "oracle_v4": {
    "glia_prefix_heavy": {
      "qwen_7b": {
        "e2e_ms": 773.471738,
        "p95_ms": 1869.319349999999,
        "n_runs": 2
      },
      "qwen_14b": {
        "e2e_ms": 1645.925657,
        "p95_ms": 3845.8812749999993,
        "n_runs": 2
      }
    },
    "glia_25qps": {
      "qwen_7b": {
        "e2e_ms": 4069.9625960000003,
        "p95_ms": 16452.796774999995,
        "n_runs": 2
      },
      "qwen_14b": {
        "e2e_ms": 8263.1231475,
        "p95_ms": 31990.015249999993,
        "n_runs": 2
      }
    },
    "glia_40qps": {
      "qwen_7b": {
        "e2e_ms": 4302.533666,
        "p95_ms": 16841.372799999994,
        "n_runs": 2
      },
      "qwen_14b": {
        "e2e_ms": 9030.95714,
        "p95_ms": 33011.73829999998,
        "n_runs": 2
      }
    }
  },
  "oracle_v14": {
    "glia_prefix_heavy": {
      "qwen_7b": {
        "e2e_ms": 706.2645703333333,
        "p95_ms": 1451.1675749999997,
        "n_runs": 2
      },
      "qwen_14b": {
        "e2e_ms": 1533.9823986666665,
        "p95_ms": 3247.6365249999994,
        "n_runs": 2
      }
    },
    "glia_25qps": {
      "qwen_7b": {
        "e2e_ms": 4069.9625960000003,
        "p95_ms": 16452.796774999995,
        "n_runs": 2
      },
      "qwen_14b": {
        "e2e_ms": 8263.1231475,
        "p95_ms": 31990.015249999993,
        "n_runs": 2
      }
    },
    "glia_40qps": {
      "qwen_7b": {
        "e2e_ms": 4302.533666,
        "p95_ms": 16841.372799999994,
        "n_runs": 2
      },
      "qwen_14b": {
        "e2e_ms": 9030.95714,
        "p95_ms": 33011.73829999998,
        "n_runs": 2
      }
    }
  }
}