{
  "model": "meta-llama/Llama-2-7b-hf",
  "device": "a100",
  "num_replicas": 4,
  "workloads": {
    "cache_warmup": {
      "1.0": {
        "e2e_ms": 74098.15954593988,
        "p95_ms": 137744.36710375018,
        "ttft_ms": 70489.20420730181,
        "completed": 12000,
        "total": 12000,
        "completion_pct": 100.0,
        "sim_time_s": 212.7581694370304,
        "effective_qps": 56.402064521200984
      },
      "2.0": {
        "e2e_ms": 43762.56529479757,
        "p95_ms": 79490.03805427763,
        "ttft_ms": 40156.39278281359,
        "completed": 12000,
        "total": 12000,
        "completion_pct": 100.0,
        "sim_time_s": 210.94318178984122,
        "effective_qps": 56.88735657716293
      },
      "3.0": {
        "e2e_ms": 13759.292140184363,
        "p95_ms": 24902.285884391466,
        "ttft_ms": 10157.679408880962,
        "completed": 12000,
        "total": 12000,
        "completion_pct": 100.0,
        "sim_time_s": 211.78619573670915,
        "effective_qps": 56.66091672432844
      },
      "4.0": {
        "e2e_ms": 2777.990286408767,
        "p95_ms": 8865.703191555782,
        "ttft_ms": 153.35947028883788,
        "completed": 12000,
        "total": 12000,
        "completion_pct": 100.0,
        "sim_time_s": 264.9977905089193,
        "effective_qps": 45.28339642739815
      },
      "6.0": {
        "e2e_ms": 2176.91608364454,
        "p95_ms": 7020.774466999668,
        "ttft_ms": 111.93937846196356,
        "completed": 9812,
        "total": 12000,
        "completion_pct": 81.76666666666667,
        "sim_time_s": 300.0024012724686,
        "effective_qps": 32.706404876701406
      },
      "8.0": {
        "e2e_ms": 1965.9712549759217,
        "p95_ms": 6339.0972740029565,
        "ttft_ms": 101.13206848453663,
        "completed": 7343,
        "total": 12000,
        "completion_pct": 61.19166666666666,
        "sim_time_s": 300.01270518444124,
        "effective_qps": 24.475630108683845
      }
    },
    "load_spikes": {
      "1.0": {
        "e2e_ms": 119958.10258934945,
        "p95_ms": 229831.38902287275,
        "ttft_ms": 115924.43909250722,
        "completed": 16895,
        "total": 18000,
        "completion_pct": 93.8611111111111,
        "sim_time_s": 300.02615758797185,
        "effective_qps": 56.31175673423125
      },
      "2.0": {
        "e2e_ms": 90060.7600648489,
        "p95_ms": 174202.2602367124,
        "ttft_ms": 86021.75737902334,
        "completed": 16890,
        "total": 18000,
        "completion_pct": 93.83333333333333,
        "sim_time_s": 300.0138827381562,
        "effective_qps": 56.29739479336402
      },
      "3.0": {
        "e2e_ms": 60200.44062149307,
        "p95_ms": 118669.63101787817,
        "ttft_ms": 56167.329040748526,
        "completed": 16894,
        "total": 18000,
        "completion_pct": 93.85555555555555,
        "sim_time_s": 300.0045557836697,
        "effective_qps": 56.312478175105106
      },
      "4.0": {
        "e2e_ms": 31099.193253897032,
        "p95_ms": 63726.01485186573,
        "ttft_ms": 27093.523396046417,
        "completed": 16846,
        "total": 18000,
        "completion_pct": 93.58888888888889,
        "sim_time_s": 300.00178271431355,
        "effective_qps": 56.15299965081258
      },
      "6.0": {
        "e2e_ms": 3326.588816719616,
        "p95_ms": 10677.39351072043,
        "ttft_ms": 425.1393893273089,
        "completed": 14244,
        "total": 18000,
        "completion_pct": 79.13333333333334,
        "sim_time_s": 300.01159131486025,
        "effective_qps": 47.47816555211366
      },
      "8.0": {
        "e2e_ms": 2185.1617629231696,
        "p95_ms": 7272.987552917932,
        "ttft_ms": 158.47400534795023,
        "completed": 10670,
        "total": 18000,
        "completion_pct": 59.27777777777777,
        "sim_time_s": 300.00093407121363,
        "effective_qps": 35.5665559276798
      }
    },
    "multiturn": {
      "1.0": {
        "e2e_ms": 131447.49868652577,
        "p95_ms": 247203.46660225824,
        "ttft_ms": 130940.9888663823,
        "completed": 5944,
        "total": 8998,
        "completion_pct": 66.0591242498333,
        "sim_time_s": 300.00405706123956,
        "effective_qps": 19.813065390601224
      },
      "2.0": {
        "e2e_ms": 111476.0107642696,
        "p95_ms": 208251.3031406274,
        "ttft_ms": 110969.63900762652,
        "completed": 5945,
        "total": 8998,
        "completion_pct": 66.07023783062903,
        "sim_time_s": 300.01858455040934,
        "effective_qps": 19.81543912990869
      },
      "3.0": {
        "e2e_ms": 91346.92590731879,
        "p95_ms": 169953.06726734393,
        "ttft_ms": 90840.19710398938,
        "completed": 5935,
        "total": 8998,
        "completion_pct": 65.9591020226717,
        "sim_time_s": 300.00136756458556,
        "effective_qps": 19.7832431504576
      },
      "4.0": {
        "e2e_ms": 71507.83840430382,
        "p95_ms": 131974.01744652554,
        "ttft_ms": 71001.83580049578,
        "completed": 5932,
        "total": 8998,
        "completion_pct": 65.92576128028452,
        "sim_time_s": 300.0118381183756,
        "effective_qps": 19.772553100586027
      },
      "6.0": {
        "e2e_ms": 31879.79827661554,
        "p95_ms": 55173.18751932768,
        "ttft_ms": 31374.393415474373,
        "completed": 5920,
        "total": 8998,
        "completion_pct": 65.79239831073572,
        "sim_time_s": 300.01027971243207,
        "effective_qps": 19.732657179862233
      },
      "8.0": {
        "e2e_ms": 2041.8564976957332,
        "p95_ms": 5495.674836730906,
        "ttft_ms": 1574.7674952488062,
        "completed": 5482,
        "total": 8998,
        "completion_pct": 60.924649922204935,
        "sim_time_s": 300.009358240134,
        "effective_qps": 18.272763330309477
      }
    }
  },
  "recommendations": {
    "cache_warmup": 4.0
  }
}